{
  "dataset_revision": "main (Stage 3 only)",
  "task_name": "LIMITSmallRetrieval",
  "mteb_version": "1.36.15",
  "scores": {
    "test": [
      {
        "ndcg_at_1": 0.657,
        "ndcg_at_3": 0.76919,
        "ndcg_at_5": 0.83906,
        "ndcg_at_10": 0.84825,
        "ndcg_at_20": 0.84892,
        "ndcg_at_100": 0.84892,
        "ndcg_at_1000": 0.84892,
        "map_at_1": 0.3285,
        "map_at_3": 0.69775,
        "map_at_5": 0.76185,
        "map_at_10": 0.76841,
        "map_at_20": 0.76875,
        "map_at_100": 0.76875,
        "map_at_1000": 0.76875,
        "recall_at_1": 0.3285,
        "recall_at_3": 0.8405,
        "recall_at_5": 0.976,
        "recall_at_10": 0.998,
        "recall_at_20": 1.0,
        "recall_at_100": 1.0,
        "recall_at_1000": 1.0,
        "precision_at_1": 0.657,
        "precision_at_3": 0.56033,
        "precision_at_5": 0.3904,
        "precision_at_10": 0.1996,
        "precision_at_20": 0.1,
        "precision_at_100": 0.02,
        "precision_at_1000": 0.002,
        "mrr_at_1": 0.576,
        "mrr_at_3": 0.784833,
        "mrr_at_5": 0.785833,
        "mrr_at_10": 0.785976,
        "mrr_at_20": 0.785976,
        "mrr_at_100": 0.785976,
        "mrr_at_1000": 0.785976,
        "nauc_ndcg_at_1_max": -0.314308,
        "nauc_ndcg_at_1_std": -0.605504,
        "nauc_ndcg_at_1_diff1": -0.314308,
        "nauc_ndcg_at_3_max": -0.253942,
        "nauc_ndcg_at_3_std": -0.805194,
        "nauc_ndcg_at_3_diff1": -0.253942,
        "nauc_ndcg_at_5_max": -0.275492,
        "nauc_ndcg_at_5_std": -0.744008,
        "nauc_ndcg_at_5_diff1": -0.275492,
        "nauc_ndcg_at_10_max": -0.287647,
        "nauc_ndcg_at_10_std": -0.708462,
        "nauc_ndcg_at_10_diff1": -0.287647,
        "nauc_ndcg_at_20_max": -0.286395,
        "nauc_ndcg_at_20_std": -0.706302,
        "nauc_ndcg_at_20_diff1": -0.286395,
        "nauc_ndcg_at_100_max": -0.286395,
        "nauc_ndcg_at_100_std": -0.706302,
        "nauc_ndcg_at_100_diff1": -0.286395,
        "nauc_ndcg_at_1000_max": -0.286395,
        "nauc_ndcg_at_1000_std": -0.706302,
        "nauc_ndcg_at_1000_diff1": -0.286395,
        "nauc_map_at_1_max": -0.314308,
        "nauc_map_at_1_std": -0.605504,
        "nauc_map_at_1_diff1": -0.314308,
        "nauc_map_at_3_max": -0.258021,
        "nauc_map_at_3_std": -0.796751,
        "nauc_map_at_3_diff1": -0.258021,
        "nauc_map_at_5_max": -0.272231,
        "nauc_map_at_5_std": -0.754298,
        "nauc_map_at_5_diff1": -0.272231,
        "nauc_map_at_10_max": -0.278884,
        "nauc_map_at_10_std": -0.737524,
        "nauc_map_at_10_diff1": -0.278884,
        "nauc_map_at_20_max": -0.278428,
        "nauc_map_at_20_std": -0.736957,
        "nauc_map_at_20_diff1": -0.278428,
        "nauc_map_at_100_max": -0.278428,
        "nauc_map_at_100_std": -0.736957,
        "nauc_map_at_100_diff1": -0.278428,
        "nauc_map_at_1000_max": -0.278428,
        "nauc_map_at_1000_std": -0.736957,
        "nauc_map_at_1000_diff1": -0.278428,
        "nauc_recall_at_1_max": -0.314308,
        "nauc_recall_at_1_std": -0.605504,
        "nauc_recall_at_1_diff1": -0.314308,
        "nauc_recall_at_3_max": -0.174973,
        "nauc_recall_at_3_std": -0.895075,
        "nauc_recall_at_3_diff1": -0.174973,
        "nauc_recall_at_5_max": -0.129192,
        "nauc_recall_at_5_std": -1.067986,
        "nauc_recall_at_5_diff1": -0.129192,
        "nauc_recall_at_10_max": -0.445845,
        "nauc_recall_at_10_std": -0.980159,
        "nauc_recall_at_10_diff1": -0.445845,
        "nauc_recall_at_20_max": NaN,
        "nauc_recall_at_20_std": NaN,
        "nauc_recall_at_20_diff1": NaN,
        "nauc_recall_at_100_max": NaN,
        "nauc_recall_at_100_std": NaN,
        "nauc_recall_at_100_diff1": NaN,
        "nauc_recall_at_1000_max": NaN,
        "nauc_recall_at_1000_std": NaN,
        "nauc_recall_at_1000_diff1": NaN,
        "nauc_precision_at_1_max": -0.314308,
        "nauc_precision_at_1_std": -0.605504,
        "nauc_precision_at_1_diff1": -0.314308,
        "nauc_precision_at_3_max": -0.174973,
        "nauc_precision_at_3_std": -0.895075,
        "nauc_precision_at_3_diff1": -0.174973,
        "nauc_precision_at_5_max": -0.129192,
        "nauc_precision_at_5_std": -1.067986,
        "nauc_precision_at_5_diff1": -0.129192,
        "nauc_precision_at_10_max": -0.445845,
        "nauc_precision_at_10_std": -0.980159,
        "nauc_precision_at_10_diff1": -0.445845,
        "nauc_precision_at_20_max": 1.0,
        "nauc_precision_at_20_std": 1.0,
        "nauc_precision_at_20_diff1": 1.0,
        "nauc_precision_at_100_max": 1.0,
        "nauc_precision_at_100_std": 1.0,
        "nauc_precision_at_100_diff1": 1.0,
        "nauc_precision_at_1000_max": NaN,
        "nauc_precision_at_1000_std": NaN,
        "nauc_precision_at_1000_diff1": NaN,
        "nauc_mrr_at_1_max": -0.78308,
        "nauc_mrr_at_1_std": -0.560699,
        "nauc_mrr_at_1_diff1": -0.78308,
        "nauc_mrr_at_3_max": -0.774471,
        "nauc_mrr_at_3_std": -0.554742,
        "nauc_mrr_at_3_diff1": -0.774471,
        "nauc_mrr_at_5_max": -0.780362,
        "nauc_mrr_at_5_std": -0.557293,
        "nauc_mrr_at_5_diff1": -0.780362,
        "nauc_mrr_at_10_max": -0.780551,
        "nauc_mrr_at_10_std": -0.557287,
        "nauc_mrr_at_10_diff1": -0.780551,
        "nauc_mrr_at_20_max": -0.780551,
        "nauc_mrr_at_20_std": -0.557287,
        "nauc_mrr_at_20_diff1": -0.780551,
        "nauc_mrr_at_100_max": -0.780551,
        "nauc_mrr_at_100_std": -0.557287,
        "nauc_mrr_at_100_diff1": -0.780551,
        "nauc_mrr_at_1000_max": -0.780551,
        "nauc_mrr_at_1000_std": -0.557287,
        "nauc_mrr_at_1000_diff1": -0.780551,
        "main_score": 0.84825,
        "hf_subset": "default",
        "languages": [
          "eng-Latn"
        ]
      }
    ]
  },
  "evaluation_time": 630.7991914749146,
  "kg_co2_emissions": null
}